Kategorie (de);Categorie (fr);Deutsch;Français;Italiano;English
Administration;Administration;Baubewilligung;autorisation de construire;autorizzazione di costruzione;construction permit
Administration;Administration;Bewilligungspflicht;obligation d'autorisation;obbligo dell'auorizzazione;requirement of authorisation
Administration;Administration;Einschränkung;limitation;limitazione;limitation
Administration;Administration;Gutachten;préavis;preavviso;expertise
Administration;Administration;Katalog;catalogue;catalogo;catalogue
Administration;Administration;Koordination;coordination;coordinamento;coordination
Administration;Administration;Leitbild;conception directrice;linee direttive;general principle
Administration;Administration;Massnahme;mesure;misura;measure
Administration;Administration;Meldepflicht;obligation d'annocer;obbligo di notificazione;obligation to notify
Administration;Administration;Register;registre;registro;register
Administration;Administration;SIA405;SIA405;SIA405;SIA405
Administration;Administration;Verzeichnis;inventaire;inventario;register
Atmosphäre, Luft, Klima;Atmosphère, climatologie;Lokalklima;climat local;clima locale;local climate
Atmosphäre, Luft, Klima;Atmosphère, climatologie;Lufthygiene;hygiène de l'air;igiene dell'aria;air hygiene
Atmosphäre, Luft, Klima;Atmosphère, climatologie;Messstelle;endroit de mesurage;posizione di misura;point of mesurement
Atmosphäre, Luft, Klima;Atmosphère, climatologie;Phänologie;phénologie;fenologia;phenology
Atmosphäre, Luft, Klima;Atmosphère, climatologie;Stadtklima;climat urbain;clima urbano;urban climate
Atmosphäre, Luft, Klima;Atmosphère, climatologie;Trockenheit;sécheresse;secchezza;dryness
Atmosphäre, Luft, Klima;Atmosphère, climatologie;Unwetter;intempéries;intemperie;severe weather
Basiskarten, Bodenbedeckung, Bilddaten;Cartes de référence, couverture du sol, images aériennes;Airborne-Laser-Scanning;Airborne-Laser-Scanning;Airborne-Laser-Scanning;Airborne-Laser-Scanning
Basiskarten, Bodenbedeckung, Bilddaten;Cartes de référence, couverture du sol, images aériennes;Basiskarte;carte de base;carta di base;base map
Basiskarten, Bodenbedeckung, Bilddaten;Cartes de référence, couverture du sol, images aériennes;Basisplan;plan de base;piano di base;basis plan
Basiskarten, Bodenbedeckung, Bilddaten;Cartes de référence, couverture du sol, images aériennes;Beschriftung;désignation;caratterizzazione;labelling
Basiskarten, Bodenbedeckung, Bilddaten;Cartes de référence, couverture du sol, images aériennes;Bodenbedeckung;couverture du sol;copertura del suolo;land cover
Basiskarten, Bodenbedeckung, Bilddaten;Cartes de référence, couverture du sol, images aériennes;Darstellungsdienst;service de consultation;servizio di rappresentazione;presentation service
Basiskarten, Bodenbedeckung, Bilddaten;Cartes de référence, couverture du sol, images aériennes;Darstellungsmodell;modèle de représentation;modello di rappresentazione;representation model
Basiskarten, Bodenbedeckung, Bilddaten;Cartes de référence, couverture du sol, images aériennes;Deckschicht;couche superficielle;strato superficiale;armour layer
Basiskarten, Bodenbedeckung, Bilddaten;Cartes de référence, couverture du sol, images aériennes;Detailplan;plan détaillé;piano particolareggiato;detailled plan
Basiskarten, Bodenbedeckung, Bilddaten;Cartes de référence, couverture du sol, images aériennes;Einzelsignatur;symbole individuel;simbolo individuale;individual Symbol
Basiskarten, Bodenbedeckung, Bilddaten;Cartes de référence, couverture du sol, images aériennes;GALILEO;GALILEO;GALILEO;GALILEO
Basiskarten, Bodenbedeckung, Bilddaten;Cartes de référence, couverture du sol, images aériennes;Geländedarstellung;représentation du terrain;rappresentazione del terreno;terrain representation
Basiskarten, Bodenbedeckung, Bilddaten;Cartes de référence, couverture du sol, images aériennes;Genauigkeit;précision;precisione;precision
Basiskarten, Bodenbedeckung, Bilddaten;Cartes de référence, couverture du sol, images aériennes;Generalkarte;carte générale;carta generale;general map
Basiskarten, Bodenbedeckung, Bilddaten;Cartes de référence, couverture du sol, images aériennes;Gitter;grille;griglia;grid
Basiskarten, Bodenbedeckung, Bilddaten;Cartes de référence, couverture du sol, images aériennes;GLONASS;GLONASS;GLONASS;GLONASS
Basiskarten, Bodenbedeckung, Bilddaten;Cartes de référence, couverture du sol, images aériennes;Historische Karte;carte historique;carta storica;historic map
Basiskarten, Bodenbedeckung, Bilddaten;Cartes de référence, couverture du sol, images aériennes;Kartografische Generalisierung;généralisation cartographique;generalizzazione cartografica;cartographic generalisation
Basiskarten, Bodenbedeckung, Bilddaten;Cartes de référence, couverture du sol, images aériennes;Landeskarte;carte nationale;carta nazionale;national map
Basiskarten, Bodenbedeckung, Bilddaten;Cartes de référence, couverture du sol, images aériennes;Landsat;Landsat;Landsat;Landsat
Basiskarten, Bodenbedeckung, Bilddaten;Cartes de référence, couverture du sol, images aériennes;Landschaftsmodell;modèle du territoire;modello del territorio;landscape model
Basiskarten, Bodenbedeckung, Bilddaten;Cartes de référence, couverture du sol, images aériennes;Laserscanning;laserscanning;laserscanning;laserscanning
Basiskarten, Bodenbedeckung, Bilddaten;Cartes de référence, couverture du sol, images aériennes;LIDAR (Light Detection And Ranging);LIDAR (Light Detection And Ranging);LIDAR (Light Detection And Ranging);LIDAR (Light Detection And Ranging)
Basiskarten, Bodenbedeckung, Bilddaten;Cartes de référence, couverture du sol, images aériennes;Minimales Geodatenmodel MGDM;modèle de géodonnées minimal MGDM;modello di geodati minimi MGDM;minimum geodata model MGDM
Basiskarten, Bodenbedeckung, Bilddaten;Cartes de référence, couverture du sol, images aériennes;Modelldokumentation;documentation de modèle;documentazione del modello;model documentation
Basiskarten, Bodenbedeckung, Bilddaten;Cartes de référence, couverture du sol, images aériennes;Oberfläche;surface;superficie;surface
Basiskarten, Bodenbedeckung, Bilddaten;Cartes de référence, couverture du sol, images aériennes;Orthofoto;orthophoto;ortofoto;orthophoto
Basiskarten, Bodenbedeckung, Bilddaten;Cartes de référence, couverture du sol, images aériennes;Ortsplan;plan de localité;piano di località;location plan
Basiskarten, Bodenbedeckung, Bilddaten;Cartes de référence, couverture du sol, images aériennes;Schummerung;ombrage;ombreggiatura;hillshade
Basiskarten, Bodenbedeckung, Bilddaten;Cartes de référence, couverture du sol, images aériennes;Situationsplan;plan de situation;piano di situazione;situation plan
Basiskarten, Bodenbedeckung, Bilddaten;Cartes de référence, couverture du sol, images aériennes;Stadtplan;plan de ville;carta di città;city map
Basiskarten, Bodenbedeckung, Bilddaten;Cartes de référence, couverture du sol, images aériennes;Standortskarte;carte des stations;carta delle stazioni;site class map
Basiskarten, Bodenbedeckung, Bilddaten;Cartes de référence, couverture du sol, images aériennes;Topografie;topographie;topografia;topography
Basiskarten, Bodenbedeckung, Bilddaten;Cartes de référence, couverture du sol, images aériennes;Transformation;transformation;trasformazione;transformation
Basiskarten, Bodenbedeckung, Bilddaten;Cartes de référence, couverture du sol, images aériennes;Übersichtskarte;carte synoptique;carta corografica;outline map
Basiskarten, Bodenbedeckung, Bilddaten;Cartes de référence, couverture du sol, images aériennes;Übersichtsplan;plan d'ensemble;piano corografico;survey plan
Bevölkerung, Gesellschaft, Kultur;Population, société, culture ;Altersheim;maison de retraite;casa per anziani;retirement home
Bevölkerung, Gesellschaft, Kultur;Population, société, culture ;Alterswohnen;logements destinés aux personnes âgées;appartamento per anziani;housing for the elderly
Bevölkerung, Gesellschaft, Kultur;Population, société, culture ;Archäologische Ausgrabung;fouille archéologique;scavo archeologico;archaeological excavation
Bevölkerung, Gesellschaft, Kultur;Population, société, culture ;Archäologische Fundstätten;lieu de découverte archéologique;luogo del rinvenimento archeologico;place of archeological discovery
Bevölkerung, Gesellschaft, Kultur;Population, société, culture ;Aufgrabung;déblai;sterro di trincea;excavation
Bevölkerung, Gesellschaft, Kultur;Population, société, culture ;Augusta Raurica;Augusta Raurica;Augusta Raurica;Augusta Raurica
Bevölkerung, Gesellschaft, Kultur;Population, société, culture ;Ausgrabung;fouille;scavo;excavation
Bevölkerung, Gesellschaft, Kultur;Population, société, culture ;Begegnungsort;lieu de rencontre;luogo d'incontro;meeting place
Bevölkerung, Gesellschaft, Kultur;Population, société, culture ;Betreuung;prise en charge;assistenza;care
Bevölkerung, Gesellschaft, Kultur;Population, société, culture ;Bundesinventar;inventaire fédéral;inventario federale;federal inventory
Bevölkerung, Gesellschaft, Kultur;Population, société, culture ;Denkmalinventar;inventaire de monuments;inventario dei monumenti;inventory of monuments
Bevölkerung, Gesellschaft, Kultur;Population, société, culture ;Erhebung;enquête;rilevamento;survey
Bevölkerung, Gesellschaft, Kultur;Population, société, culture ;Familiengarten;jardin familial;giardino di famiglia;family garden
Bevölkerung, Gesellschaft, Kultur;Population, société, culture ;Freizeitanlage;centre de loisirs;centro per il tempo libero;leisure facility
Bevölkerung, Gesellschaft, Kultur;Population, société, culture ;Historische Stätte;site historique;sito storico;historic site
Bevölkerung, Gesellschaft, Kultur;Population, société, culture ;ISOS;ISOS;ISOS;ISOS
Bevölkerung, Gesellschaft, Kultur;Population, société, culture ;Klettergebiet;zone d'escalade;area di arrampicata;climbing area
Bevölkerung, Gesellschaft, Kultur;Population, société, culture ;Kulturdenkmal;monument culturel;monumento culturale;cultural monument
Bevölkerung, Gesellschaft, Kultur;Population, société, culture ;Kulturgeschichte;histoire culturelle;storia culturale;cultural history
Bevölkerung, Gesellschaft, Kultur;Population, société, culture ;Kulturgüterschutz KGS;protection des biens culturels PBC;protezione dei beni culturali PBC;protection of cultural property PCP
Bevölkerung, Gesellschaft, Kultur;Population, société, culture ;Mittelschule;école secondaire;scuola secondaria;secondary school
Bevölkerung, Gesellschaft, Kultur;Population, société, culture ;Objektschutz;protection d’ouvrage;protezione di opere;local protection
Bevölkerung, Gesellschaft, Kultur;Population, société, culture ;Ortsbild;site construit;insediamento;heritage site
Bevölkerung, Gesellschaft, Kultur;Population, société, culture ;Ortsbildschutz;protection des sites construits;protezione degli insediamenti;heritage site protection
Bevölkerung, Gesellschaft, Kultur;Population, société, culture ;Point of Interest POI;point d'intérêt POI;punto di interesse POI;point of interest POI
Bevölkerung, Gesellschaft, Kultur;Population, société, culture ;Reiten;équitation;equitazione;horse back riding
Bevölkerung, Gesellschaft, Kultur;Population, société, culture ;Römer;romain;romano;roman
Bevölkerung, Gesellschaft, Kultur;Population, société, culture ;Römische Epoche;époque romaine;epoca romana;roman age
Bevölkerung, Gesellschaft, Kultur;Population, société, culture ;Sammlung (Archiv, Bibliothek, Museum);collection (archive, bibliothèque, musée);collezione (archivio, biblioteca, museo);collection (archive, librarie, museum)
Bevölkerung, Gesellschaft, Kultur;Population, société, culture ;Schneeschuh;raquette à neige;racchetta da neve;snowshoe
Bevölkerung, Gesellschaft, Kultur;Population, société, culture ;Schneesport;sport de neige;sport della neve;snowsport
Bevölkerung, Gesellschaft, Kultur;Population, société, culture ;Skating;skating;skating;skating
Bevölkerung, Gesellschaft, Kultur;Population, société, culture ;Ski;ski;sci;ski
Bevölkerung, Gesellschaft, Kultur;Population, société, culture ;Skilift;remontée mécanique;risalita meccanica;mountain lift
Bevölkerung, Gesellschaft, Kultur;Population, société, culture ;Skitour;randonnée à ski;escursione con gli sci;ski tour
Bevölkerung, Gesellschaft, Kultur;Population, société, culture ;Treffpunkt;lieu de rencontre;luogo di ritrovo;meeting point
Bevölkerung, Gesellschaft, Kultur;Population, société, culture ;Veranstaltung;manifestation;manifestazioni;event
Bevölkerung, Gesellschaft, Kultur;Population, société, culture ;Wanderrouten;Randonnées pédestres;Percorsi a piedi;Walking routes
Datenhaltung, Datenbereitstellung;Gestion des données, fourniture de données;3D Simulation;simulation 3D;simulazione 3D;3D simulation
Datenhaltung, Datenbereitstellung;Gestion des données, fourniture de données;3D Visualisierung;visualisation 3D;visualizzazione 3D;3D visualisation
Datenhaltung, Datenbereitstellung;Gestion des données, fourniture de données;AtOS (Atom OpenSearch);AtOS (Atom OpenSearch);AtOS (Atom OpenSearch);AtOS (Atom OpenSearch)
Datenhaltung, Datenbereitstellung;Gestion des données, fourniture de données;Aufbewahrungs- und Archivierungsplanung AAP - Bund;Planification de la conservation et de l'archivage AAP - Conféderation;Pianificazione della conservazione e dell’archiviazione AAP - Confederazione;Conservation and archiving planning AAP - Confederation
Datenhaltung, Datenbereitstellung;Gestion des données, fourniture de données;BGDI Bundesgeodaten-Infrastruktur;IFDG l’Infrastructure Fédérale de données géographiques;IFDG Infrastruttura federale dei dati geografici;FSDI Federal Spatial Data Infrastructure
Datenhaltung, Datenbereitstellung;Gestion des données, fourniture de données;Datenbeschreibung;description de données;descrizione di dati;data description
Datenhaltung, Datenbereitstellung;Gestion des données, fourniture de données;Datendownload;téléchargement de données;download di dati;data download
Datenhaltung, Datenbereitstellung;Gestion des données, fourniture de données;Dateninfrastruktur;infrastructure de données;infrastruttura di dati;data infrastructure
Datenhaltung, Datenbereitstellung;Gestion des données, fourniture de données;Datenverfügbarkeit;disponibilité des données;disponibilità di dati;data availability
Datenhaltung, Datenbereitstellung;Gestion des données, fourniture de données;e-geo.ch;e-geo.ch;e-geo.ch;e-geo.ch
Datenhaltung, Datenbereitstellung;Gestion des données, fourniture de données;Geobasisdaten;géodonnées de base;geodati di base;official geodata
Datenhaltung, Datenbereitstellung;Gestion des données, fourniture de données;Geobasisdienst;géoservice de base;geoservizio di base;official geoservice
Datenhaltung, Datenbereitstellung;Gestion des données, fourniture de données;Geodaten;géodonnées;geodati;geodata
Datenhaltung, Datenbereitstellung;Gestion des données, fourniture de données;Geodatenmodell;modèle de géodonnées;modello di geodati;geodata model
Datenhaltung, Datenbereitstellung;Gestion des données, fourniture de données;Geodienst;géoservice;geoservizio;geoservice
Datenhaltung, Datenbereitstellung;Gestion des données, fourniture de données;geodienste.ch;geodienste.ch;geodienste.ch;geodienste.ch
Datenhaltung, Datenbereitstellung;Gestion des données, fourniture de données;Geomarketing;géomarketing;geomarketing;geomarketing
Datenhaltung, Datenbereitstellung;Gestion des données, fourniture de données;GIS (Geografisches Informationssystem);SIG (Système d'Information Géographique);SIG (Sistema Informativo Geografico);GIS (Geographic Information System)
Datenhaltung, Datenbereitstellung;Gestion des données, fourniture de données;GPS (Global Positioning System);GPS (Global Positioning System);GPS (Global Positioning System);GPS (Global Positioning System)
Datenhaltung, Datenbereitstellung;Gestion des données, fourniture de données;Harmonisierte Daten;données harmonisées;dati armonizzati;harmonised data
Datenhaltung, Datenbereitstellung;Gestion des données, fourniture de données;INSPIRE;INSPIRE;INSPIRE;INSPIRE
Datenhaltung, Datenbereitstellung;Gestion des données, fourniture de données;Linked Data;linked data;linked data;linked data
Datenhaltung, Datenbereitstellung;Gestion des données, fourniture de données;Nationales Inventar;inventaire national;inventario nazionale;national inventory
Datenhaltung, Datenbereitstellung;Gestion des données, fourniture de données;Objektkatalog;catalogue des objets;catalogo degli oggetti;object catalog
Datenhaltung, Datenbereitstellung;Gestion des données, fourniture de données;opendata.swiss;opendata.swiss;opendata.swiss;opendata.swiss
Datenhaltung, Datenbereitstellung;Gestion des données, fourniture de données;Ortung;repérage;localizzazione;locating
Datenhaltung, Datenbereitstellung;Gestion des données, fourniture de données;Positionierungsdienst;service de positionnement;servizio di posizionamento;positioning service
Datenhaltung, Datenbereitstellung;Gestion des données, fourniture de données;Rasterdaten;données raster;dati raster;raster data
Datenhaltung, Datenbereitstellung;Gestion des données, fourniture de données;Swiss Positioning Service SWIPOS;swiss positioning service SWIPOS;swiss positioning service SWIPOS;swiss positioning service SWIPOS
Datenhaltung, Datenbereitstellung;Gestion des données, fourniture de données;WMS;WMS;WMS;WMS
Gebäude, Anlagen;difices, infrastructures, ouvrages;Anlage;ébauche;complesso;site
Gebäude, Anlagen;difices, infrastructures, ouvrages;Bau;construction;costruzione;construction
Gebäude, Anlagen;difices, infrastructures, ouvrages;Einzelobjekt;objet divers;oggetto singolo;single object
Gebäude, Anlagen;difices, infrastructures, ouvrages;Gebäude- und Wohnungsregister GWR;Registre des bâtiments et logements BL;registro degli edifici e delle abitazioni REA;federal register of buildings and dwellings RBD
Gebäude, Anlagen;difices, infrastructures, ouvrages;Gebäudeadresse;adresse de bâtiment;indirizzo di edificio;building address
Gebäude, Anlagen;difices, infrastructures, ouvrages;Gebäudeeingang;entrée de bâtiment;entrata d'edificio;building entrance
Gebäude, Anlagen;difices, infrastructures, ouvrages;Historisches Gebäude;bâtiment historique;edificio storico;historical building
Gebäude, Anlagen;difices, infrastructures, ouvrages;Künstliches Objekt;objet artificiel;oggetto artificiale;artificial object
Gebäude, Anlagen;difices, infrastructures, ouvrages;Öffentliche Baute;construction publique;edificio pubblica;public building
Gebäude, Anlagen;difices, infrastructures, ouvrages;Schloss;château;castello;castle
Gebäude, Anlagen;difices, infrastructures, ouvrages;Schutzbau;ouvrage de protection;opera di protezione;protection structure
Gebäude, Anlagen;difices, infrastructures, ouvrages;Schutzraum;abri;rifugio;shelter
Gebäude, Anlagen;difices, infrastructures, ouvrages;Stadtbefestigung;fortifications de la ville;forificazione della città;town fortification
Gebäude, Anlagen;difices, infrastructures, ouvrages;Stockwerk;étage;piano;floor
Gebäude, Anlagen;difices, infrastructures, ouvrages;Treppe;escalier;scala;stairs
Geologie, Boden, naturbedingte Risiken;Géologie, sols, dangers naturels;1G-E (OneGeology-Europa);1G-E (OneGeology-Europe);1G-E (OneGeology-Europa);1G-E (OneGeology-Europe)
Geologie, Boden, naturbedingte Risiken;Géologie, sols, dangers naturels;Abbaustelle;mine;mina;mine
Geologie, Boden, naturbedingte Risiken;Géologie, sols, dangers naturels;Ablagerungszone;zone de sédimentation;zona di sedimentazione;deposition zone
Geologie, Boden, naturbedingte Risiken;Géologie, sols, dangers naturels;Alpenhebung;soulèvement alpin;innalzamento delle alpi;alpine uplift
Geologie, Boden, naturbedingte Risiken;Géologie, sols, dangers naturels;Bodeneigenschaften;propriétés du sol;proprietà del suolo;soil properties
Geologie, Boden, naturbedingte Risiken;Géologie, sols, dangers naturels;Bodenkartierung;cartographie des sols;mappatura del suolo;soil mapping
Geologie, Boden, naturbedingte Risiken;Géologie, sols, dangers naturels;Bodenqualität;qualité du sol;qualità del suolo;soil quality
Geologie, Boden, naturbedingte Risiken;Géologie, sols, dangers naturels;Bodenverwertung;récupération des sols;recupero del suolo;soil recovery
Geologie, Boden, naturbedingte Risiken;Géologie, sols, dangers naturels;Bouguer-Anomalie;anomalie de bouguer;anomalie di bouguer;bouguer anomaly
Geologie, Boden, naturbedingte Risiken;Géologie, sols, dangers naturels;Bruchlinie;ligne de faille;linee di faglia;faults
Geologie, Boden, naturbedingte Risiken;Géologie, sols, dangers naturels;Chronostratigrafie;chronostratigraphie;cronostratigrafia;chronostratigraphy
Geologie, Boden, naturbedingte Risiken;Géologie, sols, dangers naturels;Dauernde Bodenverschiebung;territoire en mouvement permanent;spostamento di terreno permanente;permanent landslip area
Geologie, Boden, naturbedingte Risiken;Géologie, sols, dangers naturels;Doline;doline;dolina;doline
Geologie, Boden, naturbedingte Risiken;Géologie, sols, dangers naturels;Felsuntergrund;roche mère;roccia in posto;bedrock
Geologie, Boden, naturbedingte Risiken;Géologie, sols, dangers naturels;Festgestein;roche cohérente;roccia coerente;well-consolidated rock
Geologie, Boden, naturbedingte Risiken;Géologie, sols, dangers naturels;Gefahrenkarte;carte des dangers;carta dei pericoli;hazard map
Geologie, Boden, naturbedingte Risiken;Géologie, sols, dangers naturels;Geologische Karte;carte géologique;carta geologica;geologic map
Geologie, Boden, naturbedingte Risiken;Géologie, sols, dangers naturels;GeoMol;GeoMol;GeoMol;GeoMol
Geologie, Boden, naturbedingte Risiken;Géologie, sols, dangers naturels;Geophysikalische Karte;carte géophysique;carta geofisica;geophysical map
Geologie, Boden, naturbedingte Risiken;Géologie, sols, dangers naturels;Geotop;géotope;geotopo;geotope
Geologie, Boden, naturbedingte Risiken;Géologie, sols, dangers naturels;Geschiebe;charriage;carico di fondo;bedload
Geologie, Boden, naturbedingte Risiken;Géologie, sols, dangers naturels;Gravimetrie;gravimétrie;gravimetria;gravimetry
Geologie, Boden, naturbedingte Risiken;Géologie, sols, dangers naturels;Gründigkeit;profondeur du sol;potenza del terreno;root penetration depth
Geologie, Boden, naturbedingte Risiken;Géologie, sols, dangers naturels;Harmonisierte Geologie;géologie hamonisée;geologia armonizzata;harmonised geology
Geologie, Boden, naturbedingte Risiken;Géologie, sols, dangers naturels;Harmonisierte geologische Einheiten;unités géologiques harmonisées;unità geologiche armonizzate;harmonised geologic units
Geologie, Boden, naturbedingte Risiken;Géologie, sols, dangers naturels;Harmonisierte Struktur;structure harmonisée;struttura armonizzata;harmonised structure
Geologie, Boden, naturbedingte Risiken;Géologie, sols, dangers naturels;Landesgeologie;service géologique national;servizio geologico nazionale;swiss geological survey
Geologie, Boden, naturbedingte Risiken;Géologie, sols, dangers naturels;Lithologie;lithologie;litologia;lithology
Geologie, Boden, naturbedingte Risiken;Géologie, sols, dangers naturels;Magmatisches Gestein;roche magmatique;roccia magmatica;igneous rock
Geologie, Boden, naturbedingte Risiken;Géologie, sols, dangers naturels;Metamorphes Gestein;roche métamorphique;roccia metamorfica;metamorphic rock
Geologie, Boden, naturbedingte Risiken;Géologie, sols, dangers naturels;Mikrozonierung;microzonage;microzonazione;microzonation
Geologie, Boden, naturbedingte Risiken;Géologie, sols, dangers naturels;Murgang;lave torrentielle;lava torrentizia;debris flow
Geologie, Boden, naturbedingte Risiken;Géologie, sols, dangers naturels;Naturereignis;événement naturel;evento naturale;natural event
Geologie, Boden, naturbedingte Risiken;Géologie, sols, dangers naturels;Naturgefahr;danger naturel;pericolo naturale;natural hazard
Geologie, Boden, naturbedingte Risiken;Géologie, sols, dangers naturels;Naturgefahrenkarte;carte des dangers naturels;mappa dei rischi naturali;natural hazard map
Geologie, Boden, naturbedingte Risiken;Géologie, sols, dangers naturels;Oberflächenablagerung;dépôt superficiel;depositi superficiali;superficial deposit
Geologie, Boden, naturbedingte Risiken;Géologie, sols, dangers naturels;Oberflächengeologie;géologie de la surface;geologia superficiale;surface geology
Geologie, Boden, naturbedingte Risiken;Géologie, sols, dangers naturels;OneGeology;OneGeology;OneGeology;OneGeology
Geologie, Boden, naturbedingte Risiken;Géologie, sols, dangers naturels;OneGeology-Europe;OneGeology-Europe;OneGeology-Europe;OneGeology-Europe
Geologie, Boden, naturbedingte Risiken;Géologie, sols, dangers naturels;Petrografie;pétrographie;petrografia;petrography
Geologie, Boden, naturbedingte Risiken;Géologie, sols, dangers naturels;Rohstoffgewinnung;extraction des matières premières;estrazione della materia prima;raw material extraction
Geologie, Boden, naturbedingte Risiken;Géologie, sols, dangers naturels;Rutschung;glissement de terrain;franamento;slide
Geologie, Boden, naturbedingte Risiken;Géologie, sols, dangers naturels;Sedimentgestein;roche sédimentaire;roccia sedimentaria;sedimentary rock
Geologie, Boden, naturbedingte Risiken;Géologie, sols, dangers naturels;Steinschlag;chute de pierres;caduta di sassi;rockfall
Geologie, Boden, naturbedingte Risiken;Géologie, sols, dangers naturels;Störung;faille;faglia;fault
Geologie, Boden, naturbedingte Risiken;Géologie, sols, dangers naturels;Stratigrafie;stratigraphie;stratigrafia;stratigraphy
Geologie, Boden, naturbedingte Risiken;Géologie, sols, dangers naturels;Sturzprozess;processus d'écroulement;processo di franamento;rockfall process
Geologie, Boden, naturbedingte Risiken;Géologie, sols, dangers naturels;Wasserprozess;processus hydrologique;processo idrologico;water related process
Gesundheit;Santé;AED (Automatischer Externer Defibrillator);DAE (Défibrillateur automatique externe);DAE (Defibrillatore semiautomatico);AED (Automated External Defibrillator)
Gesundheit;Santé;Defibrillator;defibrillateur;defibrillatore;defibrillator
Gesundheit;Santé;FSME;MEVE;FSME;TBE
Gesundheit;Santé;Zeckenenzephalitis;encéphalite à tiques;encefalite da morso di zecca;tick-borne encephalitis
Gesundheit;Santé;Zeckenstich;piqûre de tique;morso di zecca;tick bite
Gewässer;Hydrographie;Abfluss;écoulement;emissario;drain
Gewässer;Hydrographie;Abschwemmung;ruissellement;alluvione;run-off
Gewässer;Hydrographie;Fliessgewässer;cours d'eau;corso d'acqua;watercourse
Gewässer;Hydrographie;Fliessrichtung;direction d'écoulement;direzione della corrente;flow direction
Gewässer;Hydrographie;Fluss;rivière;fiume;river
Gewässer;Hydrographie;Gewässerraum;espace réservé aux eaux;spazio riservato alle acque;space provided for waters
Gewässer;Hydrographie;Gewässerschutzbereich;secteur de protection des eaux;settore di protezione delle acque;water protection sector
Gewässer;Hydrographie;Gewässerzustand;état des eaux;stato delle acque;water status
Gewässer;Hydrographie;GEWISS;GEWISS;GEWISS;GEWISS
Gewässer;Hydrographie;Grundwassermächtigkeit;hauteur d'eau souterraine;spessore dell'acqua sotterranee;depth of the groundwater
Gewässer;Hydrographie;Grundwasserschutzareal;périmètre de protection des eaux souterraines;area di protezione delle acque sotterranee;groundwater protection area
Gewässer;Hydrographie;Grundwasservorkommen;ressources en eaux souterraines;risorse idriche sotterranee;groundwater resources
Gewässer;Hydrographie;historischer Wasserlauf;hydrosystème fluvial historique;corso d'acqua storico;historical watercourse
Gewässer;Hydrographie;Mittelwasserstand;niveau d'eau moyen;livello medio d'acqua;average water level
Gewässer;Hydrographie;Pegel;niveau;livello;level
Gewässer;Hydrographie;Quellhorizont;horizon sourcier;fonte orizzonte;spring horizon
Gewässer;Hydrographie;Seebodenkurve;courbe des fonds des lacs;quota altimetrica dei laghi;contour in lakes
Gewässer;Hydrographie;Stehendes Gewässer;eau stagnante;acqua stagnante;standing water
Gewässer;Hydrographie;Uferlinie;ligne de rives;linea di rive;shore line
Gewässer;Hydrographie;Vergletscherung;glaciation;glaciazione;glaciation
Gewässer;Hydrographie;Wildbach;torrent;torrente;torrent
Höhen;Altimétrie;DHM (Digitales Höhenmodell);MNA (modèle numérique d'altitude);DEM (modello digitale di elevazione);DEM (digital elevation model)
Höhen;Altimétrie;Digitales Farborthofotomosaik;mosaïque d'orthophotos numériques en couleur;mosaico di ortofoto digitali a colori;digital color orthophoto mosaic
Höhen;Altimétrie;Digitales Terrainmodell DTM;modèle numérique de terrain MNT;modello digitale del terreno DTM;digital terrain model DTM
Höhen;Altimétrie;DOM (Digitales Oberflächenmodell);MNS (modèle numérique de surface);DSM (modello digitale di superficie);DSM (digital surface model)
Höhen;Altimétrie;Hangneigung;déclivité;acclività;gradient
Höhen;Altimétrie;Höhenkote;cote d'altitude;quota altimetrica;spot height
Höhen;Altimétrie;Höhenkurve;courbe de niveau;curva di livello;contour line
Höhen;Altimétrie;Höhenpunkt;point altimétrique;punto quotato;spot elevation
Höhen;Altimétrie;Isohypse;isohypse;isoipsa;isohypse
Höhen;Altimétrie;Isophyse;isophyse;isofise;isophysis
Höhen;Altimétrie;Orthometrische Höhe;altitude orthométrique;quota ortometrica;orthometric height
Landwirtschaft;Agriculture;Allmend;allmend;almenda;common land
Landwirtschaft;Agriculture;Anbaueignung;aptitude culturale;attitudine alla coltura;cultivation suitability
Landwirtschaft;Agriculture;Fruchtfolgefläche FFF;surface d'assolement SDA;superficie per l'avvicendamento delle colture;surface of crop rotation SCR
Landwirtschaft;Agriculture;Kulturfläche;surfache cultivée;superficie coltivata;cultivated area
Landwirtschaft;Agriculture;Landwirtschaftliche Bewirtschaftung;exploitation agricole;gestione agricola;agricultural exploitation
Landwirtschaft;Agriculture;Landwirtschaftliche Nutzfläche LN;surface agricole utile SAU;superficie agricola utile SAU;usable agricultural area UAA
Landwirtschaft;Agriculture;Landwirtschaftsgebiet;région agricole;regione agricola;agricultural region
Landwirtschaft;Agriculture;Nutzungsfläche;surface d'affectation;superficie d'utilizzazione;surface of utilisation
Landwirtschaft;Agriculture;Pflanzennährstoff;eléments nutritifs des plantes;impianto di nutrienti;plant nutrient
Landwirtschaft;Agriculture;Primärfläche;surface primaire;superficie primaria;primary surface
Landwirtschaft;Agriculture;Rebbau;viticulture;viticoltura;viticulture
Landwirtschaft;Agriculture;Rebe;vigne;vite;vine
Landwirtschaft;Agriculture;Sömmerung;estivage;estivazione;summering
Landwirtschaft;Agriculture;Trockenwiesen und -weiden TWW;prairies et pâturages secs PPS;prati e pascoli secchi PPS;dry grasslands DGS
Landwirtschaft;Agriculture;Verpachtung;affermage;affitto;lease
Militär, Sicherheit;Armée, sécurité;Armee;armée;esercito;army
Militär, Sicherheit;Armée, sécurité;Mil_Ausbildung;mil_formation;mil_formazione;mil_training
Militär, Sicherheit;Armée, sécurité;Mil_Personell;mil_personnel;mil_personale;mil_staff
Militär, Sicherheit;Armée, sécurité;Schiessanlage;installation de tir;poligono di tiro;firing range installation
Militär, Sicherheit;Armée, sécurité;Sirene;sirène;sirena;siren
Ortsangaben, Referenzsysteme;Localisation, systèmes de référence;Bezugsmarkierung;point repère;punto di riferimento;fiducial mark
Ortsangaben, Referenzsysteme;Localisation, systèmes de référence;Bezugspunkt;point de référence;punto di riferimento;reference point
Ortsangaben, Referenzsysteme;Localisation, systèmes de référence;Bezugsrahmen;cadre de référence;quadro di riferimento;reference frame
Ortsangaben, Referenzsysteme;Localisation, systèmes de référence;Bezugssystem;système de référence;sistema di riferimento;reference system
Ortsangaben, Referenzsysteme;Localisation, systèmes de référence;FINELTRA;FINELTRA;FINELTRA;FINELTRA
Ortsangaben, Referenzsysteme;Localisation, systèmes de référence;Fixpunkt;point fixe;punto fisso;fixpoint
Ortsangaben, Referenzsysteme;Localisation, systèmes de référence;Flurname;nom local;nome locale;local name
Ortsangaben, Referenzsysteme;Localisation, systèmes de référence;Gebietsname;nom de territoire;nome di territorio;area name
Ortsangaben, Referenzsysteme;Localisation, systèmes de référence;Geoid;géoïde;geoide;geoid
Ortsangaben, Referenzsysteme;Localisation, systèmes de référence;Koordinate;coordonnée;coordinate;coordinate
Ortsangaben, Referenzsysteme;Localisation, systèmes de référence;Landeskoordinaten;coordonnées nationales;coordinate nazionali;national coordinates
Ortsangaben, Referenzsysteme;Localisation, systèmes de référence;Ort;localité;località;place
Ortsangaben, Referenzsysteme;Localisation, systèmes de référence;Ortsname;nom de lieu;nome del luogo;place name
Ortsangaben, Referenzsysteme;Localisation, systèmes de référence;Postleitzahl PLZ;numéro postal d'acheminement NPA;numero postale d'avviamento NPA;post code
Ortsangaben, Referenzsysteme;Localisation, systèmes de référence;Toponymie;toponymie;toponomastica;toponymy
Politische und administrative Grenzen;Limites politiques et administratives;Administrative Einteilung;division administrative;divisione amministrativa;administrative division
Politische und administrative Grenzen;Limites politiques et administratives;Bezirk;district;distretto;district
Politische und administrative Grenzen;Limites politiques et administratives;Bund;confédération;confederazione;confederation
Politische und administrative Grenzen;Limites politiques et administratives;Grenzlinie;ligne de frontières;linea di confine;boundary line
Politische und administrative Grenzen;Limites politiques et administratives;Grossregion;grande région;grande regione;major region
Politische und administrative Grenzen;Limites politiques et administratives;Hoheitsgrenze;limite territoriale;confine giurisdizionale;sovereign border
Politische und administrative Grenzen;Limites politiques et administratives;Kanton;canton;cantone;canton
Politische und administrative Grenzen;Limites politiques et administratives;Landesgrenze;frontière nationale;confine nazionale;national border
Politische und administrative Grenzen;Limites politiques et administratives;Politische Grenze;limite politique;confine politico;political boundary
Politische und administrative Grenzen;Limites politiques et administratives;Quartier;quartier;quartiere;quarter
Politische und administrative Grenzen;Limites politiques et administratives;Regional;régional;regionale;regional
Raumplanung, Grundstückkataster;Développement territorial, cadastre foncier;Amtliche Vermessung AV;mensuration officielle MO;misurazione ufficiale MU;cadastral surveying
Raumplanung, Grundstückkataster;Développement territorial, cadastre foncier;Arealentwicklung;développement du site;sviluppo del sito;area developpement
Raumplanung, Grundstückkataster;Développement territorial, cadastre foncier;Baugrund;terrain de fondation;terreno di fondazione;building land
Raumplanung, Grundstückkataster;Développement territorial, cadastre foncier;Baulinie;alignement;linea di edificazione;building line
Raumplanung, Grundstückkataster;Développement territorial, cadastre foncier;Bauprojekt;projet de construction;progetto di costruzione;construction project
Raumplanung, Grundstückkataster;Développement territorial, cadastre foncier;Bauzone;zone à bâtir;zona edificabile;construction zone
Raumplanung, Grundstückkataster;Développement territorial, cadastre foncier;Dienstbarkeit;servitude;servitù;easement
Raumplanung, Grundstückkataster;Développement territorial, cadastre foncier;Eigentumsbeschränkung;restrictions de la propriété;restrizione del diritto di proprietà;restriction on ownership
Raumplanung, Grundstückkataster;Développement territorial, cadastre foncier;Eignung;aptitude;attitudine;aptitude
Raumplanung, Grundstückkataster;Développement territorial, cadastre foncier;Ereigniskataster;cadastre des événements;catasto degli eventi;register of events
Raumplanung, Grundstückkataster;Développement territorial, cadastre foncier;Erschliessung;desserte;viabilità;accessibility
Raumplanung, Grundstückkataster;Développement territorial, cadastre foncier;Gestaltungsplan;plan d'aménagement;piano d'edificabilità;development plan
Raumplanung, Grundstückkataster;Développement territorial, cadastre foncier;Grundeigentum;propriété foncière;proprietà fondiaria;landed property
Raumplanung, Grundstückkataster;Développement territorial, cadastre foncier;Grundnutzung;affectation primaire;utilizzazione di base;primary use
Raumplanung, Grundstückkataster;Développement territorial, cadastre foncier;Grundplan;fond de plan;piano di base;basic plan
Raumplanung, Grundstückkataster;Développement territorial, cadastre foncier;Grundstück;terrain;fondo;site
Raumplanung, Grundstückkataster;Développement territorial, cadastre foncier;Grünzone;zone de verdure;zona verde;green belt
Raumplanung, Grundstückkataster;Développement territorial, cadastre foncier;INTERREG III;INTERREG III;INTERREG III;INTERREG III
Raumplanung, Grundstückkataster;Développement territorial, cadastre foncier;Kantonaler Richtplan;plan directeur cantonal;piano direttore cantonale;cantonal structure plan
Raumplanung, Grundstückkataster;Développement territorial, cadastre foncier;Landesvermessung;mensuration nationale;misurazione nazionale;national survey
Raumplanung, Grundstückkataster;Développement territorial, cadastre foncier;Landwirtschaftszone;zone agricole;zona agricola;agricultural zone
Raumplanung, Grundstückkataster;Développement territorial, cadastre foncier;Leitungskataster;cadastre des conduites;catasto delle condotte;pipeline cadastre
Raumplanung, Grundstückkataster;Développement territorial, cadastre foncier;Liegenschaft;bien-fonds;bene immobile;immoveable property
Raumplanung, Grundstückkataster;Développement territorial, cadastre foncier;Nummerierungsbereich;domaine de numérotation;area di numerazione;numbering range
Raumplanung, Grundstückkataster;Développement territorial, cadastre foncier;Nutzungsplan;plan d'affectation;piano d'utilizzazione;land use plan
Raumplanung, Grundstückkataster;Développement territorial, cadastre foncier;Nutzungsplanung;planification de l'utilisation du sol;pianificazione dell'utilizzazione;land use planning
Raumplanung, Grundstückkataster;Développement territorial, cadastre foncier;Nutzungszone;zone d'affectation;zona di utilizzazione;land use zone
Raumplanung, Grundstückkataster;Développement territorial, cadastre foncier;Ortsplanung;aménagement local;pianificazione locale;local planning
Raumplanung, Grundstückkataster;Développement territorial, cadastre foncier;ÖREB;RDPPF;RDPP;OeREB
Raumplanung, Grundstückkataster;Développement territorial, cadastre foncier;Perimeter;périmètre;perimetro;perimeter
Raumplanung, Grundstückkataster;Développement territorial, cadastre foncier;Planeinteilung;répartition du plan;ripartizione del piano;plan division
Raumplanung, Grundstückkataster;Développement territorial, cadastre foncier;Planungsinstrument;outil de planification;strumento di pianificazione;planning tool
Raumplanung, Grundstückkataster;Développement territorial, cadastre foncier;Planungsvorhaben;projet de planification;progetto di pianificazione;planning project
Raumplanung, Grundstückkataster;Développement territorial, cadastre foncier;Projektierungszone;zone réservée;zona di progettazione;project planning zone
Raumplanung, Grundstückkataster;Développement territorial, cadastre foncier;Quartierplan;plan de quartier;piano di quartiere;quarter map
Raumplanung, Grundstückkataster;Développement territorial, cadastre foncier;Rahmennutzungsplan;plan d'affectation générale;piano d'utilizzazione quadro;framework use plan
Raumplanung, Grundstückkataster;Développement territorial, cadastre foncier;Raumentwicklung;développement territorial;sviluppo territoriale;spatial development
Raumplanung, Grundstückkataster;Développement territorial, cadastre foncier;Rebbauzone;zone viticole;zona viticola;vineyard zone
Raumplanung, Grundstückkataster;Développement territorial, cadastre foncier;Richtplan;plan directeur;piano direttore;structure plan
Raumplanung, Grundstückkataster;Développement territorial, cadastre foncier;Richtplanung;planification directrice;pianificazione direttrice;structural planning
Raumplanung, Grundstückkataster;Développement territorial, cadastre foncier;Risikokataster;cadastre des risques;catasto dei rischi;risk register
Raumplanung, Grundstückkataster;Développement territorial, cadastre foncier;Sachplan;plan sectoriel;piano settoriale;sectoral plan
Raumplanung, Grundstückkataster;Développement territorial, cadastre foncier;Siedlungsentwicklung;développement urbain;sviluppo degli insediamenti;urban development
Raumplanung, Grundstückkataster;Développement territorial, cadastre foncier;Siedlungsgebiet;milieu bâti;zona di insediamento;settlement area
Raumplanung, Grundstückkataster;Développement territorial, cadastre foncier;Sondernutzungsplan;plan spécial;piano di utilizzazione speciale;plan of special use
Raumplanung, Grundstückkataster;Développement territorial, cadastre foncier;Sondernutzungszone;zone à affectation particulière;zona di utilizzazione speciale;zone for special usage
Raumplanung, Grundstückkataster;Développement territorial, cadastre foncier;Sperrgebiet;zone interdite;zona vietata;prohibited area
Raumplanung, Grundstückkataster;Développement territorial, cadastre foncier;Spezialzone;zone spécifique;zona speciale;special zone
Raumplanung, Grundstückkataster;Développement territorial, cadastre foncier;Toleranzstufe;niveau de tolérance;grado di tolleranza;tolerance level
Raumplanung, Grundstückkataster;Développement territorial, cadastre foncier;Werkkataster;cadastre des usines;mappe fabbriche;factory cadastre
Raumplanung, Grundstückkataster;Développement territorial, cadastre foncier;Wohnzone;zone d'habitation;zona di abitazione;residential zone
Raumplanung, Grundstückkataster;Développement territorial, cadastre foncier;Zone;zone;zona;zone
Raumplanung, Grundstückkataster;Développement territorial, cadastre foncier;Zonennutzungsplan ZNP;plan d'affectation de zone PAZ;piano regolatore;zonal use plan
Raumplanung, Grundstückkataster;Développement territorial, cadastre foncier;Zonenplan;plan de zones;piano delle zone;zoning plan
Umwelt-, Naturschutz;Protection de l'environnement et de la nature;Belasteter Standort;site pollué;sito inquinato;polluted site
Umwelt-, Naturschutz;Protection de l'environnement et de la nature;Biotopverbund;réseau de biotopes;reticolo biologico;biotope network
Umwelt-, Naturschutz;Protection de l'environnement et de la nature;Erhaltungsplanung;étude de conservation;studio di conservazione;conservation planning
Umwelt-, Naturschutz;Protection de l'environnement et de la nature;Invasiv;invasive;invasivo;invasive
Umwelt-, Naturschutz;Protection de l'environnement et de la nature;Jagdbanngebiet;district franc;bandita di caccia;game reserve
Umwelt-, Naturschutz;Protection de l'environnement et de la nature;Lärmempfindlichkeitsstufe;degré de sensibilité au bruit;livello di sensibilità al rumore;noise sensitivity level
Umwelt-, Naturschutz;Protection de l'environnement et de la nature;Natur;nature;natura;nature
Umwelt-, Naturschutz;Protection de l'environnement et de la nature;Naturschutzzone;zone naturelle protégée;zona naturale protetta;protected natural zone
Umwelt-, Naturschutz;Protection de l'environnement et de la nature;Ökologischer Nutzen;avantage écologique;beneficio ambientale;ecological benefit
Umwelt-, Naturschutz;Protection de l'environnement et de la nature;Revitalisierung;revitalisation;rivitalizzazione;revitalisation
Umwelt-, Naturschutz;Protection de l'environnement et de la nature;Ruhe;tranquillité;tranquillità;tranquility
Umwelt-, Naturschutz;Protection de l'environnement et de la nature;Schonzone;périmètre de protection;zona di rispetto;careful treatment zone
Umwelt-, Naturschutz;Protection de l'environnement et de la nature;Schutz;protection;protezione;protection
Umwelt-, Naturschutz;Protection de l'environnement et de la nature;Schutzfunktion;fonction protectrice;funzione protettiva;protective function
Umwelt-, Naturschutz;Protection de l'environnement et de la nature;Schutzmassnahme;mesure de protection;misura di protezione;protective measure
Umwelt-, Naturschutz;Protection de l'environnement et de la nature;Schutzzone;zone de protection;zona di protezione;protection zone
Umwelt-, Naturschutz;Protection de l'environnement et de la nature;Störfall;accident majeur;incidente rilevante;major accident
Umwelt-, Naturschutz;Protection de l'environnement et de la nature;Störfallvorsorge;prévention des accidents;antinfortunistica;accident prevention
Umwelt-, Naturschutz;Protection de l'environnement et de la nature;Wildruhezone;zone de tranquillité;zone di tranquillità;zone of tranquility
Ver-, Entsorgung, Kommunikation;Approvisionnement, élimination, communication;Antenne;antenne;antenna;antenna
Ver-, Entsorgung, Kommunikation;Approvisionnement, élimination, communication;Bausperrgut;déchets de chantier tout venant;rifiuto edile ingombrante;bulky construction goods
Ver-, Entsorgung, Kommunikation;Approvisionnement, élimination, communication;Biogener Abfall;déchet biogène;rifiuto biogeno;biodegradable waste
Ver-, Entsorgung, Kommunikation;Approvisionnement, élimination, communication;EGIP (European Geothermal Information Platform);EGIP (European Geothermal Information Platform);EGIP (European Geothermal Information Platform);EGIP (European Geothermal Information Platform)
Ver-, Entsorgung, Kommunikation;Approvisionnement, élimination, communication;Einleitung;introduction;introduzione;introduction
Ver-, Entsorgung, Kommunikation;Approvisionnement, élimination, communication;Erdgasleitung;conduite de gaz naturel;metandotto;natural gas pipeline
Ver-, Entsorgung, Kommunikation;Approvisionnement, élimination, communication;Erdsonde;sonde terrestre;sonda terrestra;geothermal probe
Ver-, Entsorgung, Kommunikation;Approvisionnement, élimination, communication;Fassung;captage;captazione;catchment
Ver-, Entsorgung, Kommunikation;Approvisionnement, élimination, communication;Gasleitung;conduite de gaz;condotta di gas;gas pipeline
Ver-, Entsorgung, Kommunikation;Approvisionnement, élimination, communication;Geothermie;géothermie;geotermia;geothermal energy
Ver-, Entsorgung, Kommunikation;Approvisionnement, élimination, communication;Grundwasserfassung;captage des eaux souterraines;captazione d'acqua sotterranea;groundwater catchment
Ver-, Entsorgung, Kommunikation;Approvisionnement, élimination, communication;Kabelkommunikation;communication par câble;comunicazione via cavo;cable communication
Ver-, Entsorgung, Kommunikation;Approvisionnement, élimination, communication;Kläranlage;station d'épuration;impianto di depurazione delle acque;wastewater treatment plant
Ver-, Entsorgung, Kommunikation;Approvisionnement, élimination, communication;Mobilfunk;radio communication mobile;radiomobile;mobile communication
Ver-, Entsorgung, Kommunikation;Approvisionnement, élimination, communication;Mobiltelefonie;téléphonie mobile;telefonia mobile;mobile telephony
Ver-, Entsorgung, Kommunikation;Approvisionnement, élimination, communication;Reservoir;réservoir;serbatoio;reservoir
Ver-, Entsorgung, Kommunikation;Approvisionnement, élimination, communication;Rohrleitung;conduite;condotta;pipeline
Ver-, Entsorgung, Kommunikation;Approvisionnement, élimination, communication;Speicherung;rétention;ritenzione;retention
Ver-, Entsorgung, Kommunikation;Approvisionnement, élimination, communication;Strom;courant;corrente;current
Ver-, Entsorgung, Kommunikation;Approvisionnement, élimination, communication;Stromnetz;réseau électrique;rete elettrica;power grid
Ver-, Entsorgung, Kommunikation;Approvisionnement, élimination, communication;Wasserbau;aménagement des cours d'eau;sistemazione dei corsi d'acqua;river management
Ver-, Entsorgung, Kommunikation;Approvisionnement, élimination, communication;Wasserleitung;conduite d'eau;condotta d'acqua;water pipe
Verkehr;Transport;Achse;axe;asse;axis
Verkehr;Transport;Eisenbahnlinie;ligne de chemin de fer;linea di ferrovia;railway track
Verkehr;Transport;Fahrrad;vélo;bicicletta;bike
Verkehr;Transport;Fähre;bac;traghetto;ferry
Verkehr;Transport;Flugplatz;aérodrome;aerodromo;airfield
Verkehr;Transport;Flugsicherung;sécurité aérienne;sicurezza aerea;air traffic control
Verkehr;Transport;Flugzeug;avion;aeroplano;aeroplane
Verkehr;Transport;Flugzone;zone de vol;zona di volo;flight zone
Verkehr;Transport;Forststrasse;route forestière;strada forestale;forest road
Verkehr;Transport;Fussgänger;piéton;pedone;pedestrian
Verkehr;Transport;Fussgängerzone;zone piétonne;zona pedonale;pedestrian area
Verkehr;Transport;Gleitschirm;parapente;parapendio;paragliding
Verkehr;Transport;Haltestelle;arrêt;fermata;stop
Verkehr;Transport;Hauptstrasse;route principale;strada principale;main road
Verkehr;Transport;Helikopterlandeplatz;héliport;eliporto;heliport
Verkehr;Transport;Hindernis;obstacle;ostacolo;obstacle
Verkehr;Transport;Historischer Verkehrsweg;voie de communication historique;via di communicazione storica;historic traffic route
Verkehr;Transport;Kantonale Ausnahmetransportrouten KATR;itinéraires cantonaux pour convois exceptionnels;itinerari cantonali per trasporti eccezionali;cantonal routes for exceptional loads
Verkehr;Transport;Kantonsstrasse;route cantonale;strada cantonale;cantonal road
Verkehr;Transport;Kunstbau;ouvrage d'art;opera di costruzione;art construction
Verkehr;Transport;Langsamverkehr;trafic non motorisé;traffico lento;human-powered mobility
Verkehr;Transport;Luftfahrt;navigation aérienne;navigazione aerea;air navigation
Verkehr;Transport;Luftfahrthindernis;obstacle à la navigation aérienne;ostacolo alla navigazione aerea;air navigation obstacle
Verkehr;Transport;Luftraum;espace aérien;spazio aereo;airspace
Verkehr;Transport;Mobilität;mobilité;mobilità;mobility
Verkehr;Transport;Mountainbike;vélo tout-terrain VTT;mountain bike;mountain bike
Verkehr;Transport;Nationalstrasse;route nationale;strada nazionale;motorway
Verkehr;Transport;Navigation;navigation;navigazione;navigation
Verkehr;Transport;Radroute;pistes de vélo;percorsi per ciclisti;cycling route
Verkehr;Transport;Radweg;piste cyclable;percorsi per ciclisti;cycling routes
Verkehr;Transport;Route;itinéraire;itinerario;route
Verkehr;Transport;Schiene;rail;rotaia;rail
Verkehr;Transport;Segelflug;vol à voile;volo a vela;glider
Verkehr;Transport;Seilbahn;téléphérique;teleferica;cableway
Verkehr;Transport;Seilbahnstation;station téléférique;stazione teleferica;cableway station
Verkehr;Transport;Signalisierung;signalisation;segnalizzazione;signalling
Verkehr;Transport;Sperrung;verrouillage;blocco;blocking
Verkehr;Transport;Strasse;route;strada;road
Verkehr;Transport;Strassenachse;axe routier;asse stradale;road axis
Verkehr;Transport;Strassenbelag;revêtement routier;rivestimento stradale;road surfacing
Verkehr;Transport;Strassenlärm;bruit routier;rumore stradale;road noise
Verkehr;Transport;Strassennetz;réseau routier;rete stradale;road network
Verkehr;Transport;Tram;tramway;tram;tramway
Verkehr;Transport;Unfallstandort;lieu d'accident;sito di un incidente;accident site
Verkehr;Transport;Veloweg;voie cyclable;ciclopista;cycleway
Verkehr;Transport;Verkehrsbelastung;charge de trafic;carico di traffico;traffic load
Verkehr;Transport;Verkehrsnetz;réseau de transport;rete di trasporto;traffic network
Verkehr;Transport;Versorgungsroute;route d’approvisionnement;via di approvvigionamento;supply route
Verkehr;Transport;Weg;chemin;cammino;path
Verkehr;Transport;Wegnetz;réseau de chemin;rete di cammino;path netwok
Verkehr;Transport;Wegweiser;poteau indicateur;cartello indicatore;fingerpost
Wald, Flora, Fauna;Forêt, flore, faune;Abfallholz;déchet de bois;materiale di scarto;cullwood
Wald, Flora, Fauna;Forêt, flore, faune;Ameise;fourmi;formica;ant
Wald, Flora, Fauna;Forêt, flore, faune;Auengebiet;zone alluviale;zona golenale;alluvial site
Wald, Flora, Fauna;Forêt, flore, faune;Biodiversität;biodiversité;biodiversità;biodiversity
Wald, Flora, Fauna;Forêt, flore, faune;Fischart;espèce de poisson;specie di pesce;fish specie
Wald, Flora, Fauna;Forêt, flore, faune;Fischfauna;faune piscicole;fauna ittica;fish fauna
Wald, Flora, Fauna;Forêt, flore, faune;FISE (Forest Information System for Europe);FISE (Forest Information System for Europe);FISE (Forest Information System for Europe);FISE (Forest Information System for Europe)
Wald, Flora, Fauna;Forêt, flore, faune;Flachmoor;bas-marais;palude;swamp
Wald, Flora, Fauna;Forêt, flore, faune;Fledermaus;chauve-souris;pipistrello;bat
Wald, Flora, Fauna;Forêt, flore, faune;Forstkreis;arrondissement forestier;circondario forestale;forest district
Wald, Flora, Fauna;Forêt, flore, faune;Forstrevier;triage forestier;settore forestale;forest district
Wald, Flora, Fauna;Forêt, flore, faune;Heuschrecke;criquet;locusta;locust
Wald, Flora, Fauna;Forêt, flore, faune;Hochmoor;haut-marais;torbiera alta;raised bog
Wald, Flora, Fauna;Forêt, flore, faune;Makrofauna;macrofaune;macrofauna;macrofauna
Wald, Flora, Fauna;Forêt, flore, faune;Makrozoobenthos;macrozoobenthos;macrozoobenthos;macrozoobenthos
Wald, Flora, Fauna;Forêt, flore, faune;Neobiota;néobiote;neobiota;neobiota
Wald, Flora, Fauna;Forêt, flore, faune;ombrogen;ombrogène;ombrogeno;ombrogenic
Wald, Flora, Fauna;Forêt, flore, faune;Ökomorphologie;ecomorphologie;ecomorfologia;ecomorphology
Wald, Flora, Fauna;Forêt, flore, faune;Reptiliengebiet;zone à reptiles;area rettili;reptile area
Wald, Flora, Fauna;Forêt, flore, faune;Schutzwald;forêt de protection;bosco di protezione;protection forest
Wald, Flora, Fauna;Forêt, flore, faune;Schwemmholz;bois flottant;legname galleggiante;driftwood
Wald, Flora, Fauna;Forêt, flore, faune;Waldabstand;déboisement;disboscamento;forest clearance
Wald, Flora, Fauna;Forêt, flore, faune;Waldentwicklung;évolution de la forêt;evoluzione della foresta;forest evolution
Wald, Flora, Fauna;Forêt, flore, faune;Waldfeststellung;constatation de la nature forestière;accertamento del carattere forestale;declaration as forest
Wald, Flora, Fauna;Forêt, flore, faune;Waldfläche;surface boisée;superficie boschiva;wooded area
Wald, Flora, Fauna;Forêt, flore, faune;Waldfunktion;fonction de la forêt;funzione della foresta;forest function
Wald, Flora, Fauna;Forêt, flore, faune;Waldgrenze;limite forestière;limite del bosco;forest line
Wald, Flora, Fauna;Forêt, flore, faune;Waldnutzung;usage de la fôret;utilizzazione del bosco;forest use
Wald, Flora, Fauna;Forêt, flore, faune;Waldrand;lisière;margine forestale;forest edge
Wald, Flora, Fauna;Forêt, flore, faune;Waldstandort;station forestière;stazione forestale;forest site
Wald, Flora, Fauna;Forêt, flore, faune;Waldwiese;prairie forestière;prato boschivo;forest meadow
Wald, Flora, Fauna;Forêt, flore, faune;Wildtierkorridor;corridor faunistique;corridoio faunistico;wildlife corridor
Wald, Flora, Fauna;Forêt, flore, faune;Zecke;tique;zecca;tick
Wirtschaftliche Aktivitäten;Activités économiques;Alpwirtschaft;économie alpestre;economia alpestre;alpine economy
Wirtschaftliche Aktivitäten;Activités économiques;Aussenbewirtung;gastronomie extérieur;gastronomia all'aperto;outdoor catering
Wirtschaftliche Aktivitäten;Activités économiques;Betrieb;exploitation;funzionamento;operation
Wirtschaftliche Aktivitäten;Activités économiques;Betriebsstandort;aire d'exploitation;sito aziendale;industrial site
Wirtschaftliche Aktivitäten;Activités économiques;Bewirtschaftungseinheit;unité de gestion;unità di gestione;unit of management
Wirtschaftliche Aktivitäten;Activités économiques;Geschützte Geografische Angabe GGA;indication géographique protégée IGP;indicazione geografica protetta IGP;protected geographical indication PGI
Wirtschaftliche Aktivitäten;Activités économiques;Geschützte Ursprungsbezeichnung GUB;appellation d'origine protégées AOP;denominazione d'origine controllata DOP;protected designation of origin PDO
Wirtschaftliche Aktivitäten;Activités économiques;Gewerbezone;zone artisanale;zona artigianale;artisan zone
Wirtschaftliche Aktivitäten;Activités économiques;Holzproduktion;production de bois;produzione di legname;timber production
Wirtschaftliche Aktivitäten;Activités économiques;Produktionsstätte;unité de production;unità di produzione;production unit
Wirtschaftliche Aktivitäten;Activités économiques;Unternehmen;entreprise;impresa;company
